asset_id,asset_class,country
asset_1,A,country_7
asset_2,A,country_7
asset_3,C,country_3
asset_4,A,country_7
asset_5,A,country_7
asset_6,A,country_7
asset_7,A,country_7
asset_8,B,country_9
asset_9,C,country_5
asset_10,C,country_2
asset_11,A,country_7
asset_12,C,country_9
asset_13,A,country_7
asset_14,A,country_7
asset_15,A,country_7
asset_16,D,country_9
asset_17,B,country_1
asset_18,A,country_7
asset_19,A,country_7
asset_20,A,country_7
asset_21,D,country_8
asset_22,B,country_8
asset_23,A,country_7
asset_24,C,country_7
asset_25,D,country_5
asset_26,A,country_7
asset_27,D,country_7
asset_28,A,country_7
asset_29,A,country_7
asset_30,B,country_3
asset_31,B,country_5
asset_32,A,country_7
asset_33,A,country_7
asset_34,B,country_11
asset_35,D,country_3
asset_36,A,country_7
asset_37,A,country_7
asset_38,C,country_8
asset_39,A,country_7
asset_40,A,country_7
asset_41,D,country_11
asset_42,C,country_6
asset_43,A,country_7
asset_44,B,country_10
asset_45,C,country_4
asset_46,B,country_12
asset_47,A,country_7
asset_48,A,country_7
asset_49,D,country_12
asset_50,C,country_11
