date,x6,x7,x8,x9
2000-01-31,23.202,0.770582,1.417567,0.1078
2000-02-29,23.5955,0.77971,1.296204,0.1024
2000-03-31,22.718261,0.788274,1.612355,0.1107
2000-04-30,27.164211,0.804472,1.497131,0.1052
2000-05-31,26.373182,0.814875,1.331447,0.1086
2000-06-30,21.54,0.819071,1.334994,0.1059
2000-07-31,19.893,0.81027,1.293981,0.1162
2000-08-31,18.088696,0.806087,1.49893,0.1294
2000-09-30,19.6875,0.811818,1.187948,0.1206
2000-10-31,25.2,0.812034,1.130787,0.1204
2000-11-30,26.382857,0.812542,0.861861,0.1091
2000-12-31,26.5305,0.825993,1.110006,0.114
2001-01-31,24.918571,0.831424,1.341697,0.1164
2001-02-28,23.411579,0.828051,1.03029,0.1089
2001-03-31,28.496818,0.823366,0.71143,0.1067
2001-04-30,28.134,0.823967,1.040711,0.1109
2001-05-31,22.944091,0.821141,1.091182,0.114
2001-06-30,20.940476,0.825377,0.938369,0.11
2001-07-31,22.31619,0.834068,0.876445,0.1085
2001-08-31,21.861739,0.852217,0.714497,0.1041
2001-09-30,35.065333,0.886656,-0.102854,0.0898
2001-10-31,32.721304,0.887396,0.095578,0.0865
2001-11-30,26.630952,0.862036,0.539972,0.0929
2001-12-31,23.72,0.832454,0.669466,0.0901
2002-01-31,22.252857,0.811491,0.673733,0.0899
2002-02-28,22.875789,0.785698,0.685614,0.0869
2002-03-31,18.985,0.770676,0.93986,0.0939
2002-04-30,19.900455,0.752451,0.814708,0.0922
2002-05-31,20.087727,0.737443,0.794868,0.0977
2002-06-30,25.271,0.734167,0.483832,0.0894
2002-07-31,34.049545,0.735307,0.004958,0.0816
2002-08-31,33.742727,0.73327,-0.054617,0.0837
2002-09-30,37.6475,0.733581,-0.561764,0.0723
2002-10-31,35.243043,0.734719,-0.364873,0.076
2002-11-30,28.175,0.744306,0.023367,0.0819
2002-12-31,28.210476,0.758846,-0.275128,0.0757
2003-01-31,27.424286,0.775037,-0.417234,0.0711
2003-02-28,32.218421,0.784378,-0.504359,0.0705
2003-03-31,30.634286,0.787921,-0.617815,0.0685
2003-04-30,23.991905,0.801232,-0.285343,0.0766
2003-05-31,20.239524,0.786709,0.030084,0.0798
2003-06-30,20.362381,0.774003,0.103441,0.0802
2003-07-31,19.161364,0.770966,0.338233,0.0837
2003-08-31,19.274286,0.765118,0.541689,0.0838
2003-09-30,19.532381,0.762618,0.440487,0.0835
2003-10-31,18.023478,0.754129,0.816425,0.0893
2003-11-30,17.401053,0.73982,0.865025,0.0888
2003-12-31,16.826364,0.728008,1.082717,0.0915
2004-01-31,16.101,0.725337,1.114503,0.0878
2004-02-29,15.998421,0.724681,1.188271,0.0899
2004-03-31,17.687391,0.728437,1.194184,0.0872
2004-04-30,15.698571,0.731673,0.97311,0.0871
2004-05-31,17.705,0.739942,1.028405,0.0863
2004-06-30,15.342727,0.745536,1.148995,0.086
2004-07-31,15.502381,0.738854,0.99068,0.0857
2004-08-31,16.684091,0.731728,0.96505,0.0876
2004-09-30,14.080952,0.736272,1.147472,0.0861
2004-10-31,14.97381,0.746914,1.233514,0.088
2004-11-30,13.577619,0.755179,1.486474,0.0883
2004-12-31,12.459545,0.768589,1.617122,0.0895
2005-01-31,13.438,0.773776,1.427101,0.0768
2005-02-28,11.708947,0.768558,1.603471,0.0772
2005-03-31,13.126364,0.765684,1.438423,0.0748
2005-04-30,14.459048,0.764823,1.206878,0.0743
2005-05-31,13.967619,0.773217,1.331225,0.0749
2005-06-30,11.868636,0.785911,1.363862,0.0761
2005-07-31,11.049,0.803917,1.586625,0.0775
2005-08-31,12.951304,0.826003,1.536501,0.0765
2005-09-30,12.628095,0.863652,1.614972,0.0793
2005-10-31,14.937619,0.869834,1.460352,0.0792
2005-11-30,12.147619,0.855949,1.699627,0.0823
2005-12-31,11.26,0.831863,1.751249,0.0833
2006-01-31,12.036,0.824564,1.999987,0.0809
2006-02-28,12.471053,0.81599,1.999256,0.0849
2006-03-31,11.693913,0.799662,2.116518,0.0846
2006-04-30,11.847368,0.795402,2.240678,0.0861
2006-05-31,14.454545,0.792975,1.983635,0.0817
2006-06-30,16.918636,0.790392,1.898366,0.0797
2006-07-31,15.326,0.789907,1.774578,0.0777
2006-08-31,13.351739,0.794572,1.845782,0.079
2006-09-30,12.1845,0.808665,1.901091,0.0814
2006-10-31,11.306364,0.797561,2.066269,0.0829
2006-11-30,10.817619,0.787188,2.179684,0.0807
2006-12-31,10.9645,0.785676,2.214715,0.0818
2007-01-31,11.0425,0.783582,2.28987,0.076
2007-02-28,11.155263,0.778324,2.223685,0.0728
2007-03-31,15.162727,0.769106,2.240169,0.0703
2007-04-30,12.933,0.758853,2.413637,0.0734
2007-05-31,13.297727,0.747287,2.592158,0.0746
2007-06-30,14.947619,0.751436,2.527377,0.0704
2007-07-31,17.273333,0.765011,2.415091,0.0673
2007-08-31,25.026087,0.787167,2.331655,0.0641
2007-09-30,22.198947,0.799344,2.485908,0.0644
2007-10-31,19.115652,0.810239,2.567336,0.0653
2007-11-30,25.582381,0.832783,2.150219,0.0605
2007-12-31,21.651,0.842566,2.055461,0.0568
2008-01-31,25.81619,0.846035,1.701733,0.0516
2008-02-29,25.456,0.856178,1.694169,0.0477
2008-03-31,27.1035,0.865493,1.597643,0.0446
2008-04-30,21.562727,0.888319,1.860241,0.047
2008-05-31,18.303333,0.919499,1.924468,0.0447
2008-06-30,22.110476,0.954344,1.373483,0.0397
2008-07-31,24.321818,0.999047,1.265403,0.0435
2008-08-31,20.695714,1.066762,1.198425,0.0438
2008-09-30,30.238571,1.138967,0.425189,0.0447
2008-10-31,61.177391,1.210062,-1.070595,0.0357
2008-11-30,62.668947,1.209386,-1.734939,0.0277
2008-12-31,52.405,1.187388,-1.669482,0.026
2009-01-31,44.683,1.171393,-2.275922,0.0249
2009-02-28,45.570526,1.127035,-2.918722,0.0223
2009-03-31,44.795455,1.084,-2.418195,0.0265
2009-04-30,38.06381,1.047487,-1.40938,0.034
2009-05-31,31.978,1.018581,-1.068497,0.0385
2009-06-30,29.140455,1.003755,-1.170784,0.0401
2009-07-31,26.162727,0.983576,-0.662455,0.046
2009-08-31,25.337143,0.946262,-0.425694,0.0504
2009-09-30,24.926667,0.918603,-0.238499,0.052
2009-10-31,24.252273,0.894663,-0.379281,0.0488
2009-11-30,23.789,0.878506,-0.221755,0.0495
2009-12-31,21.239545,0.869496,-0.055129,0.0505
2010-01-31,20.643158,0.868746,-0.308351,0.0467
2010-02-28,22.54,0.864754,-0.205055,0.0507
2010-03-31,17.767391,0.854055,0.149882,0.0544
2010-04-30,17.424286,0.830842,0.295628,0.0535
2010-05-31,31.9295,0.818186,-0.229561,0.049
2010-06-30,29.916364,0.791432,-0.556222,0.046
2010-07-31,25.565238,0.77418,-0.13232,0.0508
2010-08-31,24.745909,0.758708,-0.455533,0.0475
2010-09-30,22.517619,0.751033,0.047351,0.048
2010-10-31,20.373333,0.75005,0.199307,0.0482
2010-11-30,20.095714,0.745158,0.223439,0.0466
2010-12-31,17.569545,0.755637,0.616856,0.0495
2011-01-31,17.3155,0.75395,0.693552,0.0504
2011-02-28,17.43,0.760318,0.809953,0.0534
2011-03-31,20.723478,0.760573,0.789005,0.0507
2011-04-30,16.244,0.755849,0.896449,0.0506
2011-05-31,16.911429,0.754491,0.732199,0.0499
2011-06-30,19.153182,0.754562,0.576131,0.048
2011-07-31,19.2275,0.760983,0.351948,0.0451
2011-08-31,35.02913,0.767848,-0.193171,0.0402
2011-09-30,36.53,0.758941,-0.893847,0.0354
2011-10-31,32.829048,0.749467,-0.229614,0.0387
2011-11-30,31.941905,0.736569,-0.403079,0.0352
2011-12-31,25.047619,0.731031,-0.489905,0.0363
2012-01-31,20.228,0.723368,-0.077168,0.0408
2012-02-29,18.4205,0.710825,0.1363,0.0436
2012-03-31,16.167273,0.708047,0.130683,0.0456
2012-04-30,17.823,0.704197,0.055479,0.043
2012-05-31,21.001818,0.706504,-0.506051,0.0379
2012-06-30,21.130952,0.704888,-0.392682,0.0398
2012-07-31,17.565238,0.708929,-0.39118,0.039
2012-08-31,15.689565,0.715036,-0.275162,0.0408
2012-09-30,15.284737,0.711582,-0.186943,0.0433
2012-10-31,16.27619,0.710552,-0.238505,0.0455
2012-11-30,16.701905,0.716566,-0.140805,0.0463
2012-12-31,17.307,0.718715,-0.000937,0.049
2013-01-31,13.505238,0.718241,0.194101,0.049267
2013-02-28,14.072632,0.715822,0.160994,0.048451
2013-03-31,13.0315,0.71151,0.176306,0.047233
2013-04-30,13.967273,0.692673,0.18018,0.050382
2013-05-31,13.493636,0.684992,0.308508,0.052846
2013-06-30,17.2715,0.679519,0.080518,0.049718
2013-07-31,13.974545,0.680317,0.299887,0.055479
2013-08-31,14.21,0.677393,0.184731,0.053187
2013-09-30,14.692,0.667631,0.392595,0.055209
2013-10-31,15.407826,0.668255,0.498408,0.056229
2013-11-30,12.924,0.670865,0.555717,0.058385
2013-12-31,14.192381,0.673939,0.65437,0.060246
2014-01-31,14.240952,0.679628,0.451614,0.058195
2014-02-28,15.47,0.679002,0.66236,0.060654
2014-03-31,14.836667,0.670972,0.625409,0.059635
2014-04-30,14.198095,0.662359,0.603389,0.058413
2014-05-31,12.475238,0.661289,0.666402,0.058659
2014-06-30,11.541429,0.666673,0.715125,0.058451
2014-07-31,12.296364,0.679158,0.628118,0.058848
2014-08-31,13.491905,0.693773,0.685783,0.059968
2014-09-30,13.466667,0.705496,0.439723,0.060478
2014-10-31,18.058696,0.723664,0.448511,0.060583
2014-11-30,13.413158,0.747365,0.504047,0.060676
2014-12-31,16.292273,0.77318,0.400498,0.06156
2015-01-31,19.1195,0.797623,0.158506,0.054797
2015-02-28,15.904211,0.816721,0.462718,0.059165
2015-03-31,14.812727,0.812672,0.344325,0.05812
2015-04-30,13.494762,0.797097,0.41604,0.06152
2015-05-31,13.3385,0.786645,0.390945,0.061816
2015-06-30,14.339545,0.772012,0.240819,0.064387
2015-07-31,14.352727,0.766776,0.068208,0.06596
2015-08-31,19.428095,0.762818,-0.295515,0.061026
2015-09-30,24.377143,0.763386,-0.58852,0.058012
2015-10-31,16.789545,0.760713,-0.248442,0.06096
2015-11-30,16.21,0.765628,-0.269662,0.061191
2015-12-31,18.025455,0.776435,-0.519935,0.06242
2016-01-31,23.717895,0.774,-0.97599,0.054801
2016-02-29,22.517,0.768073,-0.925383,0.050991
2016-03-31,15.849091,0.763511,-0.541356,0.051011
2016-04-30,14.300476,0.743278,-0.421366,0.059625
2016-05-31,14.852857,0.729738,-0.464738,0.059113
2016-06-30,17.774545,0.724429,-0.663401,0.053221
2016-07-31,13.1585,0.723088,-0.43176,0.05595
2016-08-31,12.399565,0.71861,-0.35258,0.059378
2016-09-30,14.219524,0.714036,-0.365239,0.058064
2016-10-31,14.585238,0.718235,-0.492897,0.060489
2016-11-30,15.23619,0.729039,-0.259711,0.067268
2016-12-31,12.472381,0.733431,-0.245414,0.070602
2017-01-31,11.6085,0.726386,-0.101736,0.074996
2017-02-28,11.530526,0.720199,-0.056626,0.076643
2017-03-31,11.897826,0.717772,-0.050433,0.074204
2017-04-30,13.136316,0.717726,-0.026214,0.073877
2017-05-31,10.862273,0.71808,-0.049684,0.072142
2017-06-30,10.513636,0.712691,-0.021236,0.075929
2017-07-31,10.2645,0.711009,0.063654,0.07657
2017-08-31,11.975652,0.715563,0.002479,0.075256
2017-09-30,10.438,0.720397,0.139444,0.079061
2017-10-31,10.125455,0.719563,0.183731,0.079192
2017-11-30,10.540476,0.71138,0.203248,0.08018
2017-12-31,10.2645,0.710708,0.302508,0.082577
2018-01-31,11.062381,0.715422,0.50784,0.087699
2018-02-28,22.464737,0.718203,0.245774,0.083914
2018-03-31,19.02381,0.711839,0.097413,0.079076
2018-04-30,18.267619,0.711764,0.059732,0.076736
2018-05-31,14.124545,0.714533,0.06948,0.074294
2018-06-30,13.678095,0.706164,-0.04586,0.073176
2018-07-31,13.147619,0.699627,0.056041,0.078502
2018-08-31,12.546957,0.696581,0.019785,0.07685
2018-09-30,12.910526,0.699959,-0.013289,0.075474
2018-10-31,19.352174,0.711101,-0.554576,0.070955
2018-11-30,19.389048,0.729666,-0.574556,0.070676
2018-12-31,24.953158,0.746662,-1.019805,0.064201
2019-01-31,19.572381,0.751131,-0.572993,0.069462
2019-02-28,15.234737,0.749024,-0.484782,0.06975
2019-03-31,14.485238,0.746941,-0.543984,0.067256
2019-04-30,12.949048,0.755613,-0.370526,0.070574
2019-05-31,16.721818,0.757239,-0.843712,0.063787
2019-06-30,15.836,0.760994,-0.506215,0.067701
2019-07-31,13.305909,0.767088,-0.583621,0.066725
2019-08-31,18.979091,0.780683,-0.88894,0.062302
2019-09-30,15.559,0.796918,-0.72907,0.065692
2019-10-31,15.466522,0.824035,-0.619354,0.067162
2019-11-30,12.5235,0.859264,-0.474162,0.069472
2019-12-31,13.756667,0.908223,-0.361645,0.073504
2020-01-31,13.940952,0.982151,-0.594181,0.069142
2020-02-29,19.628947,1.08589,-1.063598,0.060987
2020-03-31,57.736818,1.254312,-2.353279,0.042733
2020-04-30,41.45381,1.290372,-1.805453,0.044669
2020-05-31,30.897,1.306944,-1.668707,0.044901
2020-06-30,31.119545,1.260251,-1.523331,0.045528
2020-07-31,26.840455,1.192915,-1.400804,0.045526
2020-08-31,22.889524,1.123852,-1.150446,0.047742
2020-09-30,27.647619,1.061856,-1.359743,0.043783
2020-10-31,29.438636,1.014676,-1.413633,0.043876
2020-11-30,24.9955,0.988764,-0.634316,0.053523
2020-12-31,22.374091,0.977921,-0.421904,0.055703
2021-01-31,24.91,0.978032,-0.467641,0.055078
2021-02-28,23.140526,1.001115,-0.11153,0.062096
2021-03-31,21.843043,1.00604,0.071629,0.06408
2021-04-30,17.41619,0.968761,0.228677,0.066314
2021-05-31,19.7605,0.944617,0.387071,0.070318
2021-06-30,16.956818,0.928687,0.291255,0.067088
2021-07-31,17.603333,0.920558,0.28222,0.0656
2021-08-31,17.472727,0.914447,0.308729,0.067596
2021-09-30,19.824762,0.919486,0.107486,0.066871
2021-10-31,17.871429,0.911757,0.330112,0.070615
2021-11-30,18.500476,0.907619,0.129501,0.065911
2021-12-31,21.354545,0.920488,0.340548,0.068731
2022-01-31,23.181,0.946446,0.123439,0.070163
2022-02-28,25.748421,0.956208,-0.001373,0.067079
2022-03-31,26.968696,0.967024,0.01385,0.063099
2022-04-30,24.3735,0.976401,-0.403694,0.056708
2022-05-31,29.313636,0.977652,-0.383828,0.059988
2022-06-30,28.233182,0.985631,-1.070269,0.054055
2022-07-31,24.995238,0.99803,-0.706269,0.056489
2022-08-31,22.169565,0.962964,-0.975825,0.055064
2022-09-30,27.341818,0.94301,-1.531315,0.050982
2022-10-31,30.005714,0.926609,-1.116351,0.056389
2022-11-30,23.299091,0.921252,-0.731469,0.060963
2022-12-31,21.784286,0.917499,-0.976609,0.058064
2023-01-31,20.169048,0.910368,-0.558152,0.064204
2023-02-28,20.1205,0.883541,-0.697736,0.063531
2023-03-31,21.644348,0.865911,-0.821978,0.056186
2023-04-30,17.817895,0.847253,-0.859837,0.057971
2023-05-31,17.636087,0.83314,-1.066057,0.055103
2023-06-30,14.003182,0.821629,-0.733968,0.057105
2023-07-31,13.932381,0.809677,-0.570016,0.060639
2023-08-31,15.853913,0.807465,-0.792037,0.056401
2023-09-30,15.173333,0.799641,-1.019619,0.055493
2023-10-31,18.887727,0.803312,-1.358274,0.052066
2023-11-30,14.019091,0.800722,-0.927428,0.057767
2023-12-31,12.7185,0.794171,-0.600037,0.063555
2024-01-31,13.388636,0.794098,-0.70207,0.063008
2024-02-29,13.980476,0.779431,-0.592744,0.063966
2024-03-31,13.7875,0.760129,-0.407075,0.068381
2024-04-30,16.137727,0.75125,-0.645606,0.066398
2024-05-31,13.058696,0.745229,-0.515558,0.06959
2024-06-30,12.667,0.736888,-0.594079,0.068289
2024-07-31,14.373913,0.735583,-0.47517,0.071526
2024-08-31,19.312273,0.736064,-0.474681,0.072025
2024-09-30,17.663333,0.736848,-0.409639,0.06925
2024-10-31,19.96087,0.738768,-0.605968,0.07094
2024-11-30,16.015238,0.740128,-0.428812,0.077416
2024-12-31,15.86619,0.746102,-0.732872,0.077596
